 <ParkingScene>
	<ListConstraint>
		<ConstraintType>
		SidewalkConstraint
		</ConstraintType>
		<Constraint colorId="4"/>
		<ConstraintType>
		HolidayConstraint
		</ConstraintType>
		<Constraint allowed="true" holiday="Cheese Waffle Mayhem"/>
		<ConstraintType>
		HolidayConstraint
		</ConstraintType>
		<Constraint allowed="false" holiday="Disco Day"/>
		<ConstraintType>
		HourConstraint
		</ConstraintType>
		<Constraint allowed="true">
			<Range min="9" max="19" />
		</Constraint>
		<ConstraintType>
		WeeklyConstraint
		</ConstraintType>
		<Constraint allowed="true">
			<Range min="0" max="4" />
		</Constraint>
	</ListConstraint>
</ParkingScene>