 <ParkingScene>
 	<ListConstraint>
			<ConstraintType>
		SidewalkConstraint
		</ConstraintType>
 		<Constraint colorId="3"/>
		<ConstraintType>
		HolidayConstraint
		</ConstraintType>
 		<Constraint allowed="true" holiday="Cheese Waffle Mayhem"/>
		<ConstraintType>
		HourConstraint
		</ConstraintType>
 		<Constraint allowed="true">
 			<Range min="10" max="14" />
 		</Constraint>
		<ConstraintType>
		WeeklyConstraint
		</ConstraintType>
 		<Constraint allowed="true">
 			<Range min="0" max="1" />
 		</Constraint>
		<ConstraintType>
		WeeklyConstraint
		</ConstraintType>
 		<Constraint allowed="true">
 			<Range min="3" max="4" />
 		</Constraint>
 	</ListConstraint>
 </ParkingScene>