 <ParkingScene>
	<ListConstraint>
		<ConstraintType>
		SidewalkConstraint
		</ConstraintType>
		<Constraint colorId="2"/>
		<ConstraintType>
		HourConstraint
		</ConstraintType>
		<Constraint allowed="true">
			<Range min="15" max="20" />
		</Constraint>
		<ConstraintType>
		WeeklyConstraint
		</ConstraintType>
		<Constraint allowed="true">
			<Range min="1" max="1" />
		</Constraint>
		<ConstraintType>
		WeeklyConstraint
		</ConstraintType>
		<Constraint allowed="true">
			<Range min="3" max="3" />
		</Constraint>
		<ConstraintType>
		WeeklyConstraint
		</ConstraintType>
		<Constraint allowed="true">
			<Range min="4" max="4" />
		</Constraint>
	</ListConstraint>
</ParkingScene>