 <ParkingScene>
 	<ListConstraint>
		<ConstraintType>
		SidewalkConstraint
		</ConstraintType>
 		<Constraint colorId="1"/>
		<ConstraintType>
		HolidayConstraint
		</ConstraintType>
 		<Constraint allowed="false" holiday="Prickle-Prickle"/>
		<ConstraintType>
		HourConstraint
		</ConstraintType>
 		<Constraint allowed="true">
 			<Range min="5" max="7" />
 		</Constraint>
		<ConstraintType>
		WeeklyConstraint
		</ConstraintType>
 		<Constraint allowed="true">
 			<Range min="0" max="5" />
 		</Constraint>
 	</ListConstraint>
 </ParkingScene>