 <ParkingScene>
 	<ListConstraint>
		<ConstraintType>
		SidewalkConstraint
		</ConstraintType>
 		<Constraint colorId="0"/>
		<ConstraintType>
		HolidayConstraint
		</ConstraintType>
 		<Constraint allowed="false" holiday="Disco Day"/>
		<ConstraintType>
		HourConstraint
		</ConstraintType>
 		<Constraint allowed="false">
 			<Range min="2" max="4" />
 		</Constraint>
		<ConstraintType>
		WeeklyConstraint
		</ConstraintType>
 		<Constraint allowed="false">
 			<Range min="0" max="5" />
 		</Constraint>
 	</ListConstraint>
 </ParkingScene>